y,x,clickSelects,PANEL,group,xmin,xmax,ymin,ymax
0.997370727432077,0.954545454545455,School: Texas  Group: 1  Total.Revenue: 163295115  Total.Expenses: 138269710  Total.Subsidy: 0  Revenue.Less.Expenses: 25025405  Rank: 1,1,228,0.0454545454545455,0.954545454545455,0.995398773006135,0.999342681858019
0.992988606485539,0.863482994083217,School: Ohio State  Group: 1  Total.Revenue: 142043057  Total.Expenses: 124419412  Total.Subsidy: 0  Revenue.Less.Expenses: 17623645  Rank: 2,1,227,0.0454545454545455,0.863482994083217,0.991016652059597,0.994960560911481
0.988606485539001,0.802868752277375,School: Michigan  Group: 1  Total.Revenue: 140131187  Total.Expenses: 115200187  Total.Subsidy: 258885  Revenue.Less.Expenses: 24931000  Rank: 3,1,226,0.0454545454545455,0.802868752277375,0.986634531113059,0.990578439964943
0.984224364592463,0.756876164181387,School: Alabama  Group: 1  Total.Revenue: 124899945  Total.Expenses: 108204867  Total.Subsidy: 5461200  Revenue.Less.Expenses: 16695078  Rank: 4,1,225,0.0454545454545455,0.756876164181387,0.982252410166521,0.986196319018405
0.975460122699387,0.736476843304687,School: Florida  Group: 1  Total.Revenue: 120772106  Total.Expenses: 105102198  Total.Subsidy: 4356457  Revenue.Less.Expenses: 15669908  Rank: 5,1,223,0.0454545454545455,0.736476843304687,0.973488168273444,0.977432077125329
0.892199824715162,0.583218535189469,School: Texas A&M  Group: 1  Total.Revenue: 119702222  Total.Expenses: 81792118  Total.Subsidy: 5200000  Revenue.Less.Expenses: 37910104  Rank: 6,1,204,0.0454545454545455,0.583218535189469,0.89022787028922,0.894171779141104
0.962313759859772,0.716009059395583,School: LSU  Group: 1  Total.Revenue: 114787786  Total.Expenses: 101989116  Total.Subsidy: 0  Revenue.Less.Expenses: 12798670  Rank: 7,1,220,0.0454545454545455,0.716009059395583,0.96034180543383,0.964285714285714
0.979842243645925,0.751513726325166,School: Penn State  Group: 1  Total.Revenue: 108252281  Total.Expenses: 107389258  Total.Subsidy: 0  Revenue.Less.Expenses: 863023  Rank: 8,1,224,0.0454545454545455,0.751513726325166,0.977870289219983,0.981814198071867
0.94478527607362,0.678277874452763,School: Oklahoma  Group: 1  Total.Revenue: 106456616  Total.Expenses: 96250328  Total.Subsidy: 0  Revenue.Less.Expenses: 10206288  Rank: 9,1,216,0.0454545454545455,0.678277874452763,0.942813321647678,0.946757230499562
0.949167397020158,0.678708541312614,School: Auburn  Group: 1  Total.Revenue: 105951251  Total.Expenses: 96315831  Total.Subsidy: 4216608  Revenue.Less.Expenses: 9635420  Rank: 10,1,217,0.0454545454545455,0.678708541312614,0.947195442594216,0.9511393514461
0.96669588080631,0.717890034036969,School: Wisconsin  Group: 1  Total.Revenue: 103803040  Total.Expenses: 102275206  Total.Subsidy: 7127453  Revenue.Less.Expenses: 1527834  Rank: 11,1,221,0.0454545454545455,0.717890034036969,0.964723926380368,0.968667835232252
0.957931638913234,0.71142578384074,School: Tennessee  Group: 1  Total.Revenue: 102884286  Total.Expenses: 101292015  Total.Subsidy: 1e+06  Revenue.Less.Expenses: 1592271  Rank: 12,1,219,0.0454545454545455,0.71142578384074,0.955959684487292,0.959903593339176
0.936021034180543,0.639016991435862,School: Florida State  Group: 1  Total.Revenue: 100049444  Total.Expenses: 90278878  Total.Subsidy: 7778861  Revenue.Less.Expenses: 9770566  Rank: 13,1,214,0.0454545454545455,0.639016991435862,0.934049079754601,0.937992988606486
0.900964066608238,0.587678560191593,School: Arkansas  Group: 1  Total.Revenue: 99757482  Total.Expenses: 82470473  Total.Subsidy: 1949180  Revenue.Less.Expenses: 17287009  Rank: 14,1,206,0.0454545454545455,0.587678560191593,0.898992112182296,0.90293602103418
0.971078001752848,0.733561250425971,School: Iowa  Group: 1  Total.Revenue: 97902974  Total.Expenses: 104658746  Total.Subsidy: 543574  Revenue.Less.Expenses: -6755772  Rank: 15,1,222,0.0454545454545455,0.733561250425971,0.969106047326906,0.973049956178791
0.931638913234005,0.635272478431005,School: Oregon  Group: 1  Total.Revenue: 94635829  Total.Expenses: 89709350  Total.Subsidy: 2475860  Revenue.Less.Expenses: 4926479  Rank: 16,1,213,0.0454545454545455,0.635272478431005,0.929666958808063,0.933610867659947
0.922874671340929,0.624694219987614,School: Michigan State  Group: 1  Total.Revenue: 93946707  Total.Expenses: 88100432  Total.Subsidy: 4206730  Revenue.Less.Expenses: 5846275  Rank: 17,1,211,0.0454545454545455,0.624694219987614,0.920902716914987,0.924846625766871
0.927256792287467,0.630106100079856,School: Georgia  Group: 1  Total.Revenue: 91670613  Total.Expenses: 88923561  Total.Subsidy: 3243812  Revenue.Less.Expenses: 2747052  Rank: 18,1,212,0.0454545454545455,0.630106100079856,0.925284837861525,0.929228746713409
0.914110429447853,0.603848183248654,School: Kentucky  Group: 3  Total.Revenue: 88373452  Total.Expenses: 84929819  Total.Subsidy: 827172  Revenue.Less.Expenses: 3443633  Rank: 19,1,209,0.0454545454545455,0.603848183248654,0.912138475021911,0.916082383873795
0.909728308501315,0.598614499023815,School: Louisville  Group: 3  Total.Revenue: 87840501  Total.Expenses: 84133793  Total.Subsidy: 10794185  Revenue.Less.Expenses: 3706708  Rank: 20,1,208,0.0454545454545455,0.598614499023815,0.907756354075373,0.911700262927257
0.918492550394391,0.604066583806651,School: South Carolina  Group: 3  Total.Revenue: 87608352  Total.Expenses: 84963037  Total.Subsidy: 2338268  Revenue.Less.Expenses: 2645315  Rank: 21,1,210,0.0454545454545455,0.604066583806651,0.916520595968449,0.920464504820333
0.953549517966696,0.681777562917366,School: Oklahoma State  Group: 1  Total.Revenue: 87270598  Total.Expenses: 96782619  Total.Subsidy: 6284687  Revenue.Less.Expenses: -9512021  Rank: 22,1,218,0.0454545454545455,0.681777562917366,0.951577563540754,0.955521472392638
0.905346187554777,0.595233314131293,School: Minnesota  Group: 3  Total.Revenue: 83619526  Total.Expenses: 83619526  Total.Subsidy: 6961066  Revenue.Less.Expenses: 0  Rank: 23,1,207,0.0454545454545455,0.595233314131293,0.903374233128834,0.907318141980719
0.865907099035933,0.530893428897373,School: Washington  Group: 3  Total.Revenue: 82594783  Total.Expenses: 73833643  Total.Subsidy: 3065500  Revenue.Less.Expenses: 8761140  Rank: 24,1,198,0.0454545454545455,0.530893428897373,0.863935144609991,0.867879053461876
0.8965819456617,0.584071052148732,School: North Carolina  Group: 3  Total.Revenue: 82424430  Total.Expenses: 81921783  Total.Subsidy: 9092082  Revenue.Less.Expenses: 502647  Rank: 25,1,205,0.0454545454545455,0.584071052148732,0.894609991235758,0.898553900087642
0.883435582822086,0.55195660383937,School: Nebraska  Group: 3  Total.Revenue: 81631252  Total.Expenses: 77037282  Total.Subsidy: 0  Revenue.Less.Expenses: 4593970  Rank: 26,1,202,0.0454545454545455,0.55195660383937,0.881463628396144,0.885407537248028
0.870289219982472,0.541440707046066,School: Virginia  Group: 3  Total.Revenue: 80835566  Total.Expenses: 75437849  Total.Subsidy: 13131129  Revenue.Less.Expenses: 5397717  Rank: 27,1,199,0.0454545454545455,0.541440707046066,0.868317265556529,0.872261174408414
0.940403155127082,0.65670364956879,School: West Virginia  Group: 3  Total.Revenue: 80064869  Total.Expenses: 92968960  Total.Subsidy: 4491240  Revenue.Less.Expenses: -12904091  Rank: 28,1,215,0.0454545454545455,0.65670364956879,0.938431200701139,0.942375109553024
0.87467134092901,0.550006883450665,School: Illinois  Group: 3  Total.Revenue: 78708250  Total.Expenses: 76740736  Total.Subsidy: 3937890  Revenue.Less.Expenses: 1967514  Rank: 29,1,200,0.0454545454545455,0.550006883450665,0.872699386503068,0.876643295354952
0.879053461875548,0.550414137570826,School: Arizona  Group: 3  Total.Revenue: 78024219  Total.Expenses: 76802678  Total.Subsidy: 7256468  Revenue.Less.Expenses: 1221541  Rank: 30,1,201,0.0454545454545455,0.550414137570826,0.877081507449606,0.88102541630149
0.857142857142857,0.505129664860997,School: Indiana  Group: 3  Total.Revenue: 72973954  Total.Expenses: 69915060  Total.Subsidy: 2782080  Revenue.Less.Expenses: 3058894  Rank: 31,1,196,0.0454545454545455,0.505129664860997,0.855170902716915,0.859114811568799
0.861524978089395,0.517074146410861,School: UCLA  Group: 3  Total.Revenue: 71731776  Total.Expenses: 71731776  Total.Subsidy: 2775664  Revenue.Less.Expenses: 0  Rank: 32,1,197,0.0454545454545455,0.517074146410861,0.859553023663453,0.863496932515337
0.852760736196319,0.496341189062502,School: California  Group: 3  Total.Revenue: 71183404  Total.Expenses: 68578362  Total.Subsidy: 9518112  Revenue.Less.Expenses: 2605042  Rank: 33,1,195,0.0454545454545455,0.496341189062502,0.850788781770377,0.854732690622261
0.82646801051709,0.485771832851501,School: Virginia Tech  Group: 3  Total.Revenue: 70723748  Total.Expenses: 66970798  Total.Subsidy: 7665205  Revenue.Less.Expenses: 3752950  Rank: 34,1,189,0.0454545454545455,0.485771832851501,0.824496056091148,0.828439964943032
0.843996494303243,0.492908550055737,School: Purdue  Group: 3  Total.Revenue: 70624394  Total.Expenses: 68056269  Total.Subsidy: 0  Revenue.Less.Expenses: 2568125  Rank: 35,1,193,0.0454545454545455,0.492908550055737,0.842024539877301,0.845968448729185
0.887817703768624,0.564686395096287,School: Kansas  Group: 3  Total.Revenue: 70228913  Total.Expenses: 78973441  Total.Subsidy: 2850173  Revenue.Less.Expenses: -8744528  Rank: 36,1,203,0.0454545454545455,0.564686395096287,0.885845749342682,0.889789658194566
0.835232252410167,0.491117110569954,School: Clemson  Group: 3  Total.Revenue: 70002280  Total.Expenses: 67783797  Total.Subsidy: 5316712  Revenue.Less.Expenses: 2218483  Rank: 37,1,191,0.0454545454545455,0.491117110569954,0.833260297984224,0.837204206836109
0.839614373356705,0.492053113900625,School: Mississippi State  Group: 3  Total.Revenue: 69828880  Total.Expenses: 67926160  Total.Subsidy: 4e+06  Revenue.Less.Expenses: 1902720  Rank: 38,1,192,0.0454545454545455,0.492053113900625,0.837642418930763,0.841586327782647
0.848378615249781,0.493259445286646,School: Maryland  Group: 3  Total.Revenue: 68142660  Total.Expenses: 68109639  Total.Subsidy: 17244084  Revenue.Less.Expenses: 33021  Rank: 39,1,194,0.0454545454545455,0.493259445286646,0.846406660823839,0.850350569675723
0.8045574057844,0.442220836495439,School: Texas Tech  Group: 3  Total.Revenue: 67928350  Total.Expenses: 60346836  Total.Subsidy: 3753979  Revenue.Less.Expenses: 7581514  Rank: 40,1,184,0.0454545454545455,0.442220836495439,0.802585451358458,0.806529360210342
0.817703768624014,0.466494107783982,School: Rutgers  Group: 3  Total.Revenue: 64038720  Total.Expenses: 64038720  Total.Subsidy: 27996056  Revenue.Less.Expenses: 0  Rank: 41,1,187,0.0454545454545455,0.466494107783982,0.815731814198072,0.819675723049956
0.813321647677476,0.465112749567494,School: Connecticut  Group: 3  Total.Revenue: 63566909  Total.Expenses: 63828620  Total.Subsidy: 17279913  Revenue.Less.Expenses: -261711  Rank: 42,1,186,0.0454545454545455,0.465112749567494,0.811349693251534,0.815293602103418
0.773882559158633,0.380733294896816,School: Kansas State  Group: 3  Total.Revenue: 63271615  Total.Expenses: 50994785  Total.Subsidy: 2735933  Revenue.Less.Expenses: 12276830  Rank: 43,1,177,0.0454545454545455,0.380733294896816,0.771910604732691,0.775854513584575
0.808939526730938,0.447697307083249,School: Georgia Tech  Group: 3  Total.Revenue: 63184163  Total.Expenses: 61179789  Total.Subsidy: 6914742  Revenue.Less.Expenses: 2004374  Rank: 44,1,185,0.0454545454545455,0.447697307083249,0.806967572304996,0.81091148115688
0.822085889570552,0.476679622614513,School: Arizona State  Group: 3  Total.Revenue: 59855508  Total.Expenses: 65587903  Total.Subsidy: 10343841  Revenue.Less.Expenses: -5732395  Rank: 45,1,188,0.0454545454545455,0.476679622614513,0.82011393514461,0.824057843996494
0.791411042944785,0.415826289463871,School: North Carolina State  Group: 3  Total.Revenue: 59757911  Total.Expenses: 56332313  Total.Subsidy: 5426700  Revenue.Less.Expenses: 3425598  Rank: 46,1,181,0.0454545454545455,0.415826289463871,0.789439088518843,0.793382997370727
0.800175284837861,0.431338514875285,School: Nevada-Las Vegas  Group: 3  Total.Revenue: 58806533  Total.Expenses: 58691671  Total.Subsidy: 32596860  Revenue.Less.Expenses: 114862  Rank: 47,1,183,0.0454545454545455,0.431338514875285,0.798203330411919,0.802147239263804
0.795793163891323,0.425601118146687,School: Oregon State  Group: 3  Total.Revenue: 58706837  Total.Expenses: 57819032  Total.Subsidy: 18727419  Revenue.Less.Expenses: 887805  Rank: 48,1,182,0.0454545454545455,0.425601118146687,0.793821209465381,0.797765118317265
0.782646801051709,0.402183210690837,School: Colorado  Group: 3  Total.Revenue: 57098868  Total.Expenses: 54257246  Total.Subsidy: 15915396  Revenue.Less.Expenses: 2841622  Rank: 49,1,179,0.0454545454545455,0.402183210690837,0.780674846625767,0.784618755477651
0.787028921998247,0.407814326336286,School: Iowa State  Group: 3  Total.Revenue: 55151017  Total.Expenses: 55113720  Total.Subsidy: 1721449  Revenue.Less.Expenses: 37297  Rank: 50,1,180,0.0454545454545455,0.407814326336286,0.785056967572305,0.789000876424189
0.778264680105171,0.385422937006758,School: Mississippi  Group: 3  Total.Revenue: 51858993  Total.Expenses: 51708064  Total.Subsidy: 2166216  Revenue.Less.Expenses: 150929  Rank: 51,1,178,0.0454545454545455,0.385422937006758,0.776292725679229,0.780236634531113
0.830850131463628,0.485838178809438,School: Missouri  Group: 3  Total.Revenue: 50719665  Total.Expenses: 66980889  Total.Subsidy: 1935944  Revenue.Less.Expenses: -16261224  Rank: 52,1,190,0.0454545454545455,0.485838178809438,0.828878177037686,0.832822085889571
0.769500438212095,0.373326289085822,School: Cincinnati  Group: 2  Total.Revenue: 48892291  Total.Expenses: 49868204  Total.Subsidy: 16509915  Revenue.Less.Expenses: -975913  Rank: 53,1,176,0.0454545454545455,0.373326289085822,0.767528483786153,0.771472392638037
0.760736196319018,0.353062467549834,School: Memphis  Group: 2  Total.Revenue: 46783503  Total.Expenses: 46786144  Total.Subsidy: 18833745  Revenue.Less.Expenses: -2641  Rank: 54,1,174,0.0454545454545455,0.353062467549834,0.758764241893076,0.762708150744961
0.743207712532866,0.329199987605252,School: Air Force  Group: 2  Total.Revenue: 44490055  Total.Expenses: 43156740  Total.Subsidy: 27503590  Revenue.Less.Expenses: 1333315  Rank: 55,1,170,0.0454545454545455,0.329199987605252,0.741235758106924,0.745179666958808
0.738825591586328,0.328610132524851,School: South Florida  Group: 2  Total.Revenue: 43574400  Total.Expenses: 43067025  Total.Subsidy: 16688650  Revenue.Less.Expenses: 507375  Rank: 56,1,169,0.0454545454545455,0.328610132524851,0.736853637160386,0.74079754601227
0.747589833479404,0.32930179784791,School: Boise State  Group: 2  Total.Revenue: 43440905  Total.Expenses: 43172225  Total.Subsidy: 10841023  Revenue.Less.Expenses: 268680  Rank: 57,1,171,0.0454545454545455,0.32930179784791,0.745617879053462,0.749561787905346
0.75635407537248,0.336859845745089,School: New Mexico  Group: 2  Total.Revenue: 43284573  Total.Expenses: 44321779  Total.Subsidy: 18082317  Revenue.Less.Expenses: -1037206  Rank: 58,1,173,0.0454545454545455,0.336859845745089,0.754382120946538,0.758326029798422
0.765118317265557,0.360795121492493,School: Washington State  Group: 2  Total.Revenue: 42729548  Total.Expenses: 47962255  Total.Subsidy: 8792227  Revenue.Less.Expenses: -5232707  Rank: 59,1,175,0.0454545454545455,0.360795121492493,0.763146362839614,0.767090271691499
0.730061349693252,0.308508372381906,School: Central Florida  Group: 2  Total.Revenue: 40993870  Total.Expenses: 40009614  Total.Subsidy: 22412407  Revenue.Less.Expenses: 984256  Rank: 60,1,167,0.0454545454545455,0.308508372381906,0.728089395267309,0.732033304119194
0.751971954425942,0.332900022321986,School: Utah  Group: 2  Total.Revenue: 40838218  Total.Expenses: 43719503  Total.Subsidy: 9982503  Revenue.Less.Expenses: -2881285  Rank: 61,1,172,0.0454545454545455,0.332900022321986,0.75,0.753943908851884
0.725679228746713,0.301983838161465,School: San Diego State  Group: 2  Total.Revenue: 38003291  Total.Expenses: 39017254  Total.Subsidy: 16879161  Revenue.Less.Expenses: -1013963  Rank: 62,1,166,0.0454545454545455,0.301983838161465,0.723707274320771,0.727651183172656
0.73444347063979,0.310547608201917,School: Hawaii  Group: 2  Total.Revenue: 37879740  Total.Expenses: 40319775  Total.Subsidy: 13647381  Revenue.Less.Expenses: -2440035  Rank: 63,1,168,0.0454545454545455,0.310547608201917,0.732471516213848,0.736415425065732
0.721297107800175,0.284744494194453,School: Houston  Group: 2  Total.Revenue: 36652492  Total.Expenses: 36395207  Total.Subsidy: 21343858  Revenue.Less.Expenses: 257285  Rank: 64,1,165,0.0454545454545455,0.284744494194453,0.719325153374233,0.723269062226117
0.708150744960561,0.266521137959611,School: East Carolina  Group: 2  Total.Revenue: 35575172  Total.Expenses: 33623495  Total.Subsidy: 14387530  Revenue.Less.Expenses: 1951677  Rank: 65,1,162,0.0454545454545455,0.266521137959611,0.706178790534619,0.710122699386503
0.712532865907099,0.271462350319137,School: Old Dominion  Group: 2  Total.Revenue: 35247421  Total.Expenses: 34375037  Total.Subsidy: 26024885  Revenue.Less.Expenses: 872384  Rank: 66,1,163,0.0454545454545455,0.271462350319137,0.710560911481157,0.714504820333041
0.716914986853637,0.272910021619735,School: James Madison  Group: 2  Total.Revenue: 34595223  Total.Expenses: 34595223  Total.Subsidy: 27298448  Revenue.Less.Expenses: 0  Rank: 67,1,164,0.0454545454545455,0.272910021619735,0.714943032427695,0.718886941279579
0.624890446976337,0.2183823031615,School: Army  Group: 2  Total.Revenue: 31498762  Total.Expenses: 26301738  Total.Subsidy: 11162118  Revenue.Less.Expenses: 5197024  Rank: 68,1,143,0.0454545454545455,0.2183823031615,0.622918492550394,0.626862401402279
0.703768624014023,0.250031843232661,School: Delaware  Group: 2  Total.Revenue: 31115528  Total.Expenses: 31115528  Total.Subsidy: 23434793  Revenue.Less.Expenses: 0  Rank: 69,1,161,0.0454545454545455,0.250031843232661,0.701796669588081,0.705740578439965
0.690622261174408,0.243757012028422,School: Colorado State  Group: 2  Total.Revenue: 30802879  Total.Expenses: 30161147  Total.Subsidy: 14922242  Revenue.Less.Expenses: 641732  Rank: 70,1,158,0.0454545454545455,0.243757012028422,0.688650306748466,0.692594215600351
0.695004382120947,0.243846797025111,School: Fresno State  Group: 2  Total.Revenue: 30724143  Total.Expenses: 30174803  Total.Subsidy: 13041439  Revenue.Less.Expenses: 549340  Rank: 71,1,159,0.0454545454545455,0.243846797025111,0.693032427695004,0.696976336546889
0.699386503067485,0.245828096012167,School: Wyoming  Group: 2  Total.Revenue: 30266873  Total.Expenses: 30476152  Total.Subsidy: 15229766  Revenue.Less.Expenses: -209279  Rank: 72,1,160,0.0454545454545455,0.245828096012167,0.697414548641543,0.701358457493427
0.68624014022787,0.239184834677622,School: Massachusetts  Group: 2  Total.Revenue: 29762217  Total.Expenses: 29465734  Total.Subsidy: 24375673  Revenue.Less.Expenses: 296483  Rank: 73,1,157,0.0454545454545455,0.239184834677622,0.684268185801928,0.688212094653812
0.638036809815951,0.221768254758958,School: Marshall  Group: 2  Total.Revenue: 29203535  Total.Expenses: 26816730  Total.Subsidy: 14477976  Revenue.Less.Expenses: 2386805  Rank: 74,1,146,0.0454545454545455,0.221768254758958,0.636064855390009,0.640008764241893
0.673093777388256,0.22822065065312,School: Eastern Michigan  Group: 2  Total.Revenue: 29062905  Total.Expenses: 27798118  Total.Subsidy: 24298925  Revenue.Less.Expenses: 1264787  Rank: 75,1,154,0.0454545454545455,0.22822065065312,0.671121822962314,0.675065731814198
0.589833479404032,0.205933694897655,School: Ohio  Group: 2  Total.Revenue: 28671520  Total.Expenses: 24408346  Total.Subsidy: 20671381  Revenue.Less.Expenses: 4263174  Rank: 76,1,135,0.0454545454545455,0.205933694897655,0.587861524978089,0.591805433829974
0.659947414548642,0.225776613100453,School: New Mexico State  Group: 2  Total.Revenue: 28559494  Total.Expenses: 27426388  Total.Subsidy: 19196819  Revenue.Less.Expenses: 1133106  Rank: 77,1,151,0.0454545454545455,0.225776613100453,0.657975460122699,0.661919368974584
0.681858019281332,0.228449406466667,School: Miami Ohio  Group: 2  Total.Revenue: 28121483  Total.Expenses: 27832911  Total.Subsidy: 19984350  Revenue.Less.Expenses: 288572  Rank: 78,1,156,0.0454545454545455,0.228449406466667,0.67988606485539,0.683829973707274
0.655565293602103,0.225686203501048,School: Alabama at Birmingham  Group: 2  Total.Revenue: 28114179  Total.Expenses: 27412637  Total.Subsidy: 18738806  Revenue.Less.Expenses: 701542  Rank: 79,1,150,0.0454545454545455,0.225686203501048,0.653593339176161,0.657537248028046
0.677475898334794,0.22834584076164,School: Western Michigan  Group: 2  Total.Revenue: 27899949  Total.Expenses: 27817159  Total.Subsidy: 19802833  Revenue.Less.Expenses: 82790  Rank: 80,1,155,0.0454545454545455,0.22834584076164,0.675503943908852,0.679447852760736
0.668711656441718,0.226117061029096,School: Buffalo  Group: 2  Total.Revenue: 27480211  Total.Expenses: 27478169  Total.Subsidy: 20119546  Revenue.Less.Expenses: 2042  Rank: 81,1,153,0.0454545454545455,0.226117061029096,0.666739702015776,0.67068361086766
0.646801051709027,0.223579655232582,School: Texas-El Paso  Group: 2  Total.Revenue: 27230937  Total.Expenses: 27092238  Total.Subsidy: 14885768  Revenue.Less.Expenses: 138699  Rank: 82,1,148,0.0454545454545455,0.223579655232582,0.644829097283085,0.648773006134969
0.651183172655565,0.224457333819138,School: Akron  Group: 2  Total.Revenue: 27217473  Total.Expenses: 27225730  Total.Subsidy: 19345965  Revenue.Less.Expenses: -8257  Rank: 83,1,149,0.0454545454545455,0.224457333819138,0.649211218229623,0.653155127081507
0.607361963190184,0.212715381343528,School: Texas State  Group: 2  Total.Revenue: 26886756  Total.Expenses: 25439818  Total.Subsidy: 19012915  Revenue.Less.Expenses: 1446938  Rank: 84,1,139,0.0454545454545455,0.212715381343528,0.605390008764242,0.609333917616126
0.629272567922875,0.219361844588838,School: Middle Tennessee State  Group: 2  Total.Revenue: 26555473  Total.Expenses: 26450723  Total.Subsidy: 19189964  Revenue.Less.Expenses: 104750  Rank: 85,1,144,0.0454545454545455,0.219361844588838,0.627300613496933,0.631244522348817
0.585451358457493,0.202433381830337,School: Stony Brook  Group: 2  Total.Revenue: 25938411  Total.Expenses: 23875960  Total.Subsidy: 18088797  Revenue.Less.Expenses: 2062451  Rank: 86,1,134,0.0454545454545455,0.202433381830337,0.583479404031551,0.587423312883436
0.61612620508326,0.214887973130722,School: Western Kentucky  Group: 2  Total.Revenue: 25770262  Total.Expenses: 25770262  Total.Subsidy: 17695632  Revenue.Less.Expenses: 0  Rank: 87,1,141,0.0454545454545455,0.214887973130722,0.614154250657318,0.618098159509202
0.611744084136722,0.214681518921508,School: Central Michigan  Group: 2  Total.Revenue: 25738861  Total.Expenses: 25738861  Total.Subsidy: 17260950  Revenue.Less.Expenses: 0  Rank: 88,1,140,0.0454545454545455,0.214681518921508,0.60977212971078,0.613716038562664
0.598597721297108,0.209930481651996,School: Rhode Island  Group: 2  Total.Revenue: 25719036  Total.Expenses: 25016244  Total.Subsidy: 19755157  Revenue.Less.Expenses: 702792  Rank: 89,1,137,0.0454545454545455,0.209930481651996,0.596625766871166,0.60056967572305
0.642418930762489,0.222871927757582,School: California-Davis  Group: 2  Total.Revenue: 25554765  Total.Expenses: 26984595  Total.Subsidy: 20811787  Revenue.Less.Expenses: -1429830  Rank: 90,1,147,0.0454545454545455,0.222871927757582,0.640446976336547,0.644390885188431
0.66432953549518,0.225788993383754,School: Florida International  Group: 2  Total.Revenue: 25201564  Total.Expenses: 27428271  Total.Subsidy: 21011935  Revenue.Less.Expenses: -2226707  Rank: 91,1,152,0.0454545454545455,0.225788993383754,0.662357581069238,0.666301489921122
0.620508326029798,0.2160258677834,School: Georgia State  Group: 2  Total.Revenue: 24540533  Total.Expenses: 25943332  Total.Subsidy: 21269972  Revenue.Less.Expenses: -1402799  Rank: 92,1,142,0.0454545454545455,0.2160258677834,0.618536371603856,0.622480280455741
0.59421560035057,0.207958781822465,School: New Hampshire  Group: 2  Total.Revenue: 24436579  Total.Expenses: 24716355  Total.Subsidy: 16597465  Revenue.Less.Expenses: -279776  Rank: 93,1,136,0.0454545454545455,0.207958781822465,0.592243645924628,0.596187554776512
0.572304995617879,0.199995498258111,School: San Jose State  Group: 2  Total.Revenue: 23918785  Total.Expenses: 23505166  Total.Subsidy: 15907844  Revenue.Less.Expenses: 413619  Rank: 94,1,131,0.0454545454545455,0.199995498258111,0.570333041191937,0.574276950043821
0.581069237510955,0.202353938939667,School: Northern Illinois  Group: 2  Total.Revenue: 23504505  Total.Expenses: 23863877  Total.Subsidy: 17010552  Revenue.Less.Expenses: -359372  Rank: 95,1,133,0.0454545454545455,0.202353938939667,0.579097283085013,0.583041191936897
0.502191060473269,0.17708222377318,School: Florida Atlantic  Group: 2  Total.Revenue: 23226481  Total.Expenses: 20020133  Total.Subsidy: 13936229  Revenue.Less.Expenses: 3206348  Rank: 96,1,115,0.0454545454545455,0.17708222377318,0.500219106047327,0.504163014899211
0.567922874671341,0.194936045317123,School: Kent State  Group: 2  Total.Revenue: 22903668  Total.Expenses: 22735640  Total.Subsidy: 17365779  Revenue.Less.Expenses: 168028  Rank: 97,1,130,0.0454545454545455,0.194936045317123,0.565950920245399,0.569894829097283
0.602979842243646,0.210067335394386,School: Towson  Group: 2  Total.Revenue: 22864015  Total.Expenses: 25037059  Total.Subsidy: 18669156  Revenue.Less.Expenses: -2173044  Rank: 98,1,138,0.0454545454545455,0.210067335394386,0.601007887817704,0.604951796669588
0.576687116564417,0.20167750077334,School: Virginia Commonwealth  Group: 2  Total.Revenue: 22779145  Total.Expenses: 23760993  Total.Subsidy: 17200218  Revenue.Less.Expenses: -981848  Rank: 99,1,132,0.0454545454545455,0.20167750077334,0.574715162138475,0.578659070990359
0.563540753724803,0.193932637491281,School: Montana State  Group: 2  Total.Revenue: 22572300  Total.Expenses: 22583025  Total.Subsidy: 11142900  Revenue.Less.Expenses: -10725  Rank: 100,1,129,0.0454545454545455,0.193932637491281,0.561568799298861,0.565512708150745
0.537248028045574,0.187237126495877,School: Wichita State  Group: 2  Total.Revenue: 22478476  Total.Expenses: 21564660  Total.Subsidy: 6914815  Revenue.Less.Expenses: 913816  Rank: 101,1,123,0.0454545454545455,0.187237126495877,0.535276073619632,0.539219982471516
0.532865907099036,0.184991298396577,School: Texas-San Antonio  Group: 2  Total.Revenue: 22308205  Total.Expenses: 21223077  Total.Subsidy: 13631850  Revenue.Less.Expenses: 1085128  Rank: 102,1,122,0.0454545454545455,0.184991298396577,0.530893952673094,0.534837861524978
0.550394390885188,0.191245175823396,School: Coastal Carolina  Group: 2  Total.Revenue: 22292597  Total.Expenses: 22174271  Total.Subsidy: 18299695  Revenue.Less.Expenses: 118326  Rank: 103,1,126,0.0454545454545455,0.191245175823396,0.548422436459246,0.552366345311131
0.554776511831727,0.191266464913853,School: Nevada  Group: 2  Total.Revenue: 21531926  Total.Expenses: 22177509  Total.Subsidy: 8849585  Revenue.Less.Expenses: -645583  Rank: 104,1,127,0.0454545454545455,0.191266464913853,0.552804557405784,0.556748466257669
0.54601226993865,0.189534849218702,School: Southern Mississippi  Group: 2  Total.Revenue: 21526695  Total.Expenses: 21914136  Total.Subsidy: 8264043  Revenue.Less.Expenses: -387441  Rank: 105,1,125,0.0454545454545455,0.189534849218702,0.544040315512708,0.547984224364592
0.559158632778265,0.192610702004733,School: Toledo  Group: 2  Total.Revenue: 21265873  Total.Expenses: 22381963  Total.Subsidy: 11168746  Revenue.Less.Expenses: -1116090  Rank: 106,1,128,0.0454545454545455,0.192610702004733,0.557186678352322,0.561130587204207
0.515337423312883,0.178098524714027,School: Ball State  Group: 2  Total.Revenue: 21129858  Total.Expenses: 20174709  Total.Subsidy: 14473976  Revenue.Less.Expenses: 955149  Rank: 107,1,118,0.0454545454545455,0.178098524714027,0.513365468886941,0.517309377738826
0.541630148992112,0.18724447050886,School: Utah State  Group: 2  Total.Revenue: 21061242  Total.Expenses: 21565777  Total.Subsidy: 12789831  Revenue.Less.Expenses: -504535  Rank: 108,1,124,0.0454545454545455,0.18724447050886,0.53965819456617,0.543602103418054
0.467134092900964,0.166346578594966,School: Bowling Green  Group: 4  Total.Revenue: 20731957  Total.Expenses: 18387277  Total.Subsidy: 14486995  Revenue.Less.Expenses: 2344680  Rank: 109,1,107,0.0454545454545455,0.166346578594966,0.465162138475022,0.469106047326906
0.519719544259422,0.178695316171955,School: North Carolina Charlotte  Group: 2  Total.Revenue: 20573594  Total.Expenses: 20265479  Total.Subsidy: 18312953  Revenue.Less.Expenses: 308115  Rank: 110,1,119,0.0454545454545455,0.178695316171955,0.517747589833479,0.521691498685364
0.528483786152498,0.181813300054851,School: Southern Illinois  Group: 2  Total.Revenue: 20567994  Total.Expenses: 20739714  Total.Subsidy: 13561365  Revenue.Less.Expenses: -171720  Rank: 111,1,121,0.0454545454545455,0.181813300054851,0.526511831726556,0.53045574057844
0.52410166520596,0.179480474659404,School: William & Mary  Group: 4  Total.Revenue: 20483070  Total.Expenses: 20384899  Total.Subsidy: 11494706  Revenue.Less.Expenses: 98171  Rank: 112,1,120,0.0454545454545455,0.179480474659404,0.522129710780017,0.526073619631902
0.510955302366345,0.177964991228178,School: California Polytechnic  Group: 2  Total.Revenue: 20221909  Total.Expenses: 20154399  Total.Subsidy: 15660890  Revenue.Less.Expenses: 67510  Rank: 113,1,117,0.0454545454545455,0.177964991228178,0.508983347940403,0.512927256792287
0.493426818580193,0.170453413773046,School: Montana  Group: 4  Total.Revenue: 20208369  Total.Expenses: 19011913  Total.Subsidy: 7877258  Revenue.Less.Expenses: 1196456  Rank: 114,1,113,0.0454545454545455,0.170453413773046,0.491454864154251,0.495398773006135
0.497808939526731,0.172861691176548,School: George Mason  Group: 2  Total.Revenue: 19980812  Total.Expenses: 19378204  Total.Subsidy: 15726149  Revenue.Less.Expenses: 602608  Rank: 115,1,114,0.0454545454545455,0.172861691176548,0.495836985100789,0.499780893952673
0.506573181419807,0.177432323457472,School: North Dakota  Group: 4  Total.Revenue: 19389929  Total.Expenses: 20073382  Total.Subsidy: 9265059  Revenue.Less.Expenses: -683453  Rank: 116,1,116,0.0454545454545455,0.177432323457472,0.504601226993865,0.508545135845749
0.489044697633655,0.169170703337044,School: South Alabama  Group: 4  Total.Revenue: 19060589  Total.Expenses: 18816817  Total.Subsidy: 15532273  Revenue.Less.Expenses: 243772  Rank: 117,1,112,0.0454545454545455,0.169170703337044,0.487072743207713,0.491016652059597
0.633654688869413,0.219965099041182,School: North Texas  Group: 2  Total.Revenue: 19029641  Total.Expenses: 26542476  Total.Subsidy: 9459027  Revenue.Less.Expenses: -7512835  Rank: 118,1,145,0.0454545454545455,0.219965099041182,0.631682734443471,0.635626643295355
0.480280455740578,0.168094170970108,School: Maine  Group: 4  Total.Revenue: 18845728  Total.Expenses: 18653080  Total.Subsidy: 12015539  Revenue.Less.Expenses: 192648  Rank: 119,1,110,0.0454545454545455,0.168094170970108,0.478308501314636,0.482252410166521
0.471516213847502,0.16769762714283,School: Sacramento State  Group: 4  Total.Revenue: 18816511  Total.Expenses: 18592767  Total.Subsidy: 14789779  Revenue.Less.Expenses: 223744  Rank: 120,1,108,0.0454545454545455,0.16769762714283,0.46954425942156,0.473488168273444
0.484662576687117,0.168320974078323,School: Louisiana Tech  Group: 4  Total.Revenue: 18734197  Total.Expenses: 18687576  Total.Subsidy: 9615531  Revenue.Less.Expenses: 46621  Rank: 121,1,111,0.0454545454545455,0.168320974078323,0.482690622261174,0.486634531113059
0.449605609114812,0.158794152122228,School: Appalachian State  Group: 4  Total.Revenue: 18644606  Total.Expenses: 17238578  Total.Subsidy: 10244355  Revenue.Less.Expenses: 1406028  Rank: 122,1,103,0.0454545454545455,0.158794152122228,0.447633654688869,0.451577563540754
0.462751971954426,0.166243111511421,School: Idaho  Group: 4  Total.Revenue: 18584216  Total.Expenses: 18371540  Total.Subsidy: 8768910  Revenue.Less.Expenses: 212676  Rank: 123,1,106,0.0454545454545455,0.166243111511421,0.460780017528484,0.464723926380368
0.47589833479404,0.167954108742189,School: Illinois State  Group: 4  Total.Revenue: 17722324  Total.Expenses: 18631777  Total.Subsidy: 12377673  Revenue.Less.Expenses: -909453  Rank: 124,1,109,0.0454545454545455,0.167954108742189,0.473926380368098,0.477870289219982
0.45398773006135,0.160727126583387,School: Louisiana-Lafayette  Group: 4  Total.Revenue: 17440897  Total.Expenses: 17532577  Total.Subsidy: 7528228  Revenue.Less.Expenses: -91680  Rank: 125,1,104,0.0454545454545455,0.160727126583387,0.452015775635408,0.455959684487292
0.458369851007888,0.16347128245356,School: Vermont  Group: 4  Total.Revenue: 16946721  Total.Expenses: 17949954  Total.Subsidy: 12758802  Revenue.Less.Expenses: -1003233  Rank: 126,1,105,0.0454545454545455,0.16347128245356,0.456397896581946,0.46034180543383
0.440841367221735,0.156117361298633,School: North Dakota State  Group: 4  Total.Revenue: 16825511  Total.Expenses: 16831447  Total.Subsidy: 7261803  Revenue.Less.Expenses: -5936  Rank: 127,1,101,0.0454545454545455,0.156117361298633,0.438869412795793,0.442813321647678
0.445223488168273,0.156506455916681,School: Northern Iowa  Group: 4  Total.Revenue: 16519669  Total.Expenses: 16890627  Total.Subsidy: 8068386  Revenue.Less.Expenses: -370958  Rank: 128,1,102,0.0454545454545455,0.156506455916681,0.443251533742331,0.447195442594216
0.436459246275197,0.153968839727673,School: Troy  Group: 4  Total.Revenue: 16504664  Total.Expenses: 16504664  Total.Subsidy: 11642003  Revenue.Less.Expenses: 0  Rank: 129,1,100,0.0454545454545455,0.153968839727673,0.434487291849255,0.438431200701139
0.427695004382121,0.147675480834457,School: Long Beach State  Group: 4  Total.Revenue: 15861112  Total.Expenses: 15547465  Total.Subsidy: 10387840  Revenue.Less.Expenses: 313647  Rank: 130,1,98,0.0454545454545455,0.147675480834457,0.425723049956179,0.429666958808063
0.423312883435583,0.146394696804725,School: California-Irvine  Group: 4  Total.Revenue: 15376978  Total.Expenses: 15352662  Total.Subsidy: 12096664  Revenue.Less.Expenses: 24316  Rank: 131,1,97,0.0454545454545455,0.146394696804725,0.421340929009641,0.425284837861525
0.418930762489045,0.146096504893489,School: Arkansas State  Group: 4  Total.Revenue: 15307308  Total.Expenses: 15307308  Total.Subsidy: 8945464  Revenue.Less.Expenses: 0  Rank: 132,1,96,0.0454545454545455,0.146096504893489,0.416958808063103,0.420902716914987
0.397020157756354,0.140499716098341,School: College of Charleston  Group: 4  Total.Revenue: 15199385  Total.Expenses: 14456055  Total.Subsidy: 11561484  Revenue.Less.Expenses: 743330  Rank: 133,1,91,0.0454545454545455,0.140499716098341,0.395048203330412,0.398992112182296
0.414548641542507,0.144801013113495,School: Tennessee-Chattanooga  Group: 4  Total.Revenue: 15110268  Total.Expenses: 15110268  Total.Subsidy: 11180421  Revenue.Less.Expenses: 0  Rank: 134,1,95,0.0454545454545455,0.144801013113495,0.412576687116564,0.416520595968449
0.410166520595968,0.143958857984547,School: Albany  Group: 4  Total.Revenue: 14982179  Total.Expenses: 14982179  Total.Subsidy: 11897880  Revenue.Less.Expenses: 0  Rank: 135,1,94,0.0454545454545455,0.143958857984547,0.408194566170026,0.412138475021911
0.401402278702892,0.140961843210767,School: Maryland-Baltimore Cty  Group: 4  Total.Revenue: 14839723  Total.Expenses: 14526343  Total.Subsidy: 13178164  Revenue.Less.Expenses: 313380  Rank: 136,1,92,0.0454545454545455,0.140961843210767,0.39943032427695,0.403374233128834
0.40578439964943,0.142153263028797,School: California-Riverside  Group: 4  Total.Revenue: 14635119  Total.Expenses: 14707554  Total.Subsidy: 12992568  Revenue.Less.Expenses: -72435  Rank: 137,1,93,0.0454545454545455,0.142153263028797,0.403812445223488,0.407756354075372
0.392638036809816,0.140453705889874,School: Murray State  Group: 4  Total.Revenue: 14536091  Total.Expenses: 14449057  Total.Subsidy: 10306096  Revenue.Less.Expenses: 87034  Rank: 138,1,90,0.0454545454545455,0.140453705889874,0.390666082383874,0.394609991235758
0.388255915863278,0.140070489112119,School: Lamar  Group: 4  Total.Revenue: 14390758  Total.Expenses: 14390771  Total.Subsidy: 11092285  Revenue.Less.Expenses: -13  Rank: 139,1,89,0.0454545454545455,0.140070489112119,0.386283961437336,0.39022787028922
0.432077125328659,0.152580479386003,School: California-Santa Barbara  Group: 4  Total.Revenue: 14351173  Total.Expenses: 16293499  Total.Subsidy: 11692523  Revenue.Less.Expenses: -1942326  Rank: 140,1,99,0.0454545454545455,0.152580479386003,0.430105170902717,0.434049079754601
0.357581069237511,0.130815204968214,School: Illinois-Chicago  Group: 4  Total.Revenue: 14121076  Total.Expenses: 12983073  Total.Subsidy: 10447965  Revenue.Less.Expenses: 1138003  Rank: 141,1,82,0.0454545454545455,0.130815204968214,0.355609114811569,0.359553023663453
0.38387379491674,0.1382580038022,School: South Dakota State  Group: 4  Total.Revenue: 14104922  Total.Expenses: 14115098  Total.Subsidy: 7876812  Revenue.Less.Expenses: -10176  Rank: 142,1,88,0.0454545454545455,0.1382580038022,0.381901840490798,0.385845749342682
0.361963190184049,0.132394950156736,School: North Carolina Greensboro  Group: 4  Total.Revenue: 13820004  Total.Expenses: 13223347  Total.Subsidy: 11439728  Revenue.Less.Expenses: 596657  Rank: 143,1,83,0.0454545454545455,0.132394950156736,0.359991235758107,0.363935144609991
0.375109553023663,0.135931628251638,School: Missouri State  Group: 4  Total.Revenue: 13761264  Total.Expenses: 13761264  Total.Subsidy: 5110289  Revenue.Less.Expenses: 0  Rank: 144,1,86,0.0454545454545455,0.135931628251638,0.373137598597721,0.377081507449606
0.379491673970202,0.136675602408444,School: Binghamton  Group: 4  Total.Revenue: 13727473  Total.Expenses: 13874420  Total.Subsidy: 10636824  Revenue.Less.Expenses: -146947  Rank: 145,1,87,0.0454545454545455,0.136675602408444,0.377519719544259,0.381463628396144
0.370727432077125,0.133986667993104,School: Central Conn State  Group: 4  Total.Revenue: 13478548  Total.Expenses: 13465442  Total.Subsidy: 11840311  Revenue.Less.Expenses: 13106  Rank: 146,1,85,0.0454545454545455,0.133986667993104,0.368755477651183,0.372699386503067
0.300613496932515,0.124722908976561,School: Tennessee Tech  Group: 4  Total.Revenue: 13212540  Total.Expenses: 12056455  Total.Subsidy: 9933106  Revenue.Less.Expenses: 1156085  Rank: 147,1,69,0.0454545454545455,0.124722908976561,0.298641542506573,0.302585451358457
0.274320771253287,0.122141853312368,School: Norfolk State  Group: 4  Total.Revenue: 13206128  Total.Expenses: 11663885  Total.Subsidy: 11359152  Revenue.Less.Expenses: 1542243  Rank: 148,1,63,0.0454545454545455,0.122141853312368,0.272348816827344,0.276292725679229
0.366345311130587,0.132668578744332,School: Indiana State  Group: 4  Total.Revenue: 13099525  Total.Expenses: 13264965  Total.Subsidy: 9621969  Revenue.Less.Expenses: -165440  Rank: 149,1,84,0.0454545454545455,0.132668578744332,0.364373356704645,0.368317265556529
0.348816827344435,0.130684163318462,School: Delaware State  Group: 4  Total.Revenue: 13008637  Total.Expenses: 12963142  Total.Subsidy: 11384294  Revenue.Less.Expenses: 45495  Rank: 150,1,80,0.0454545454545455,0.130684163318462,0.346844872918493,0.350788781770377
0.353198948290973,0.130791601560326,School: Portland State  Group: 4  Total.Revenue: 12978073  Total.Expenses: 12979483  Total.Subsidy: 9522011  Revenue.Less.Expenses: -1410  Rank: 151,1,81,0.0454545454545455,0.130791601560326,0.351226993865031,0.355170902716915
0.331288343558282,0.129418586721166,School: Stephen F Austin State  Group: 4  Total.Revenue: 12958054  Total.Expenses: 12770652  Total.Subsidy: 10515601  Revenue.Less.Expenses: 187402  Rank: 152,1,76,0.0454545454545455,0.129418586721166,0.32931638913234,0.333260297984224
0.344434706397897,0.13062642372847,School: Eastern Kentucky  Group: 4  Total.Revenue: 12954360  Total.Expenses: 12954360  Total.Subsidy: 10490887  Revenue.Less.Expenses: 0  Rank: 153,1,79,0.0454545454545455,0.13062642372847,0.342462751971954,0.346406660823839
0.322524101665206,0.127737912308553,School: Kennesaw State  Group: 4  Total.Revenue: 12922084  Total.Expenses: 12515027  Total.Subsidy: 10818754  Revenue.Less.Expenses: 407057  Rank: 154,1,74,0.0454545454545455,0.127737912308553,0.320552147239264,0.324496056091148
0.33567046450482,0.12942631864531,School: Eastern Illinois  Group: 4  Total.Revenue: 12898748  Total.Expenses: 12771828  Total.Subsidy: 9258002  Revenue.Less.Expenses: 126920  Rank: 155,1,77,0.0454545454545455,0.12942631864531,0.333698510078878,0.337642418930762
0.278702892199825,0.122303967303534,School: Sam Houston State  Group: 4  Total.Revenue: 12854848  Total.Expenses: 11688542  Total.Subsidy: 9185788  Revenue.Less.Expenses: 1166306  Rank: 156,1,64,0.0454545454545455,0.122303967303534,0.276730937773883,0.280674846625767
0.340052585451358,0.129883817122873,School: Citadel  Group: 4  Total.Revenue: 12843289  Total.Expenses: 12841412  Total.Subsidy: 8922444  Revenue.Less.Expenses: 1877  Rank: 157,1,78,0.0454545454545455,0.129883817122873,0.338080631025416,0.342024539877301
0.326906222611744,0.127946273199742,School: Youngstown State  Group: 4  Total.Revenue: 12546718  Total.Expenses: 12546718  Total.Subsidy: 8599927  Revenue.Less.Expenses: 0  Rank: 158,1,75,0.0454545454545455,0.127946273199742,0.324934268185802,0.328878177037686
0.318141980718668,0.127309559766133,School: East Tennessee State  Group: 4  Total.Revenue: 12544534  Total.Expenses: 12449876  Total.Subsidy: 10130539  Revenue.Less.Expenses: 94658  Rank: 159,1,73,0.0454545454545455,0.127309559766133,0.316170026292726,0.32011393514461
0.31375985977213,0.126070400576328,School: Jacksonville State  Group: 4  Total.Revenue: 12261404  Total.Expenses: 12261404  Total.Subsidy: 9212686  Revenue.Less.Expenses: 0  Rank: 160,1,72,0.0454545454545455,0.126070400576328,0.311787905346188,0.315731814198072
0.296231375985977,0.122798600056237,School: Idaho State  Group: 4  Total.Revenue: 11748464  Total.Expenses: 11763774  Total.Subsidy: 7391673  Revenue.Less.Expenses: -15310  Rank: 161,1,68,0.0454545454545455,0.122798600056237,0.294259421560035,0.298203330411919
0.217353198948291,0.116788521506265,School: Radford  Group: 4  Total.Revenue: 11733386  Total.Expenses: 10849661  Total.Subsidy: 10296248  Revenue.Less.Expenses: 883725  Rank: 162,1,50,0.0454545454545455,0.116788521506265,0.215381244522349,0.219325153374233
0.283085013146363,0.12249993476189,School: Alabama State  Group: 4  Total.Revenue: 11718348  Total.Expenses: 11718348  Total.Subsidy: 9357157  Revenue.Less.Expenses: 0  Rank: 163,1,65,0.0454545454545455,0.12249993476189,0.281113058720421,0.285056967572305
0.26555652936021,0.121790530721706,School: Weber State  Group: 4  Total.Revenue: 11562167  Total.Expenses: 11610450  Total.Subsidy: 7802465  Revenue.Less.Expenses: -48283  Rank: 164,1,61,0.0454545454545455,0.121790530721706,0.263584574934268,0.267528483786153
0.269938650306748,0.122124561679291,School: Northern Arizona  Group: 4  Total.Revenue: 11556217  Total.Expenses: 11661255  Total.Subsidy: 8639570  Revenue.Less.Expenses: -105038  Rank: 165,1,62,0.0454545454545455,0.122124561679291,0.267966695880806,0.271910604732691
0.256792287467134,0.119980182210551,School: Georgia Southern  Group: 4  Total.Revenue: 11335102  Total.Expenses: 11335102  Total.Subsidy: 7782533  Revenue.Less.Expenses: 0  Rank: 166,1,59,0.0454545454545455,0.119980182210551,0.254820333041192,0.258764241893076
0.208588957055215,0.116263710580246,School: Louisiana-Monroe  Group: 4  Total.Revenue: 11323485  Total.Expenses: 10769839  Total.Subsidy: 4709350  Revenue.Less.Expenses: 553646  Rank: 167,1,48,0.0454545454545455,0.116263710580246,0.206617002629273,0.210560911481157
0.291849255039439,0.122740110942986,School: North Carolina Wilmington  Group: 4  Total.Revenue: 11294923  Total.Expenses: 11754878  Total.Subsidy: 7533587  Revenue.Less.Expenses: -459955  Rank: 168,1,67,0.0454545454545455,0.122740110942986,0.289877300613497,0.293821209465381
0.204206836108677,0.115848481269621,School: New Jersey Tech  Group: 4  Total.Revenue: 11265150  Total.Expenses: 10706684  Total.Subsidy: 10301156  Revenue.Less.Expenses: 558466  Rank: 169,1,47,0.0454545454545455,0.115848481269621,0.202234881682734,0.206178790534619
0.252410166520596,0.118495534429183,School: Western Illinois  Group: 4  Total.Revenue: 11240297  Total.Expenses: 11109292  Total.Subsidy: 8686044  Revenue.Less.Expenses: 131005  Rank: 170,1,58,0.0454545454545455,0.118495534429183,0.250438212094654,0.254382120946538
0.17353198948291,0.11463094648331,School: North Carolina Tech  Group: 4  Total.Revenue: 11180408  Total.Expenses: 10521501  Total.Subsidy: 7836883  Revenue.Less.Expenses: 658907  Rank: 171,1,40,0.0454545454545455,0.11463094648331,0.171560035056968,0.175503943908852
0.24364592462752,0.117907329614905,School: Winthrop  Group: 4  Total.Revenue: 11142191  Total.Expenses: 11019828  Total.Subsidy: 9354625  Revenue.Less.Expenses: 122363  Rank: 172,1,56,0.0454545454545455,0.117907329614905,0.241673970201578,0.245617879053462
0.226117440841367,0.117394747752582,School: Eastern Washington  Group: 4  Total.Revenue: 11126014  Total.Expenses: 10941866  Total.Subsidy: 8039890  Revenue.Less.Expenses: 184148  Rank: 173,1,52,0.0454545454545455,0.117394747752582,0.224145486415425,0.228089395267309
0.261174408413672,0.121760714160488,School: Western Carolina  Group: 4  Total.Revenue: 11087825  Total.Expenses: 11605915  Total.Subsidy: 8296978  Revenue.Less.Expenses: -518090  Rank: 174,1,60,0.0454545454545455,0.121760714160488,0.25920245398773,0.263146362839614
0.287467134092901,0.122665993612313,School: Northern Colorado  Group: 4  Total.Revenue: 11079360  Total.Expenses: 11743605  Total.Subsidy: 6932913  Revenue.Less.Expenses: -664245  Rank: 175,1,66,0.0454545454545455,0.122665993612313,0.285495179666959,0.289439088518843
0.239263803680982,0.117897276798565,School: Northwestern State La  Group: 4  Total.Revenue: 11078472  Total.Expenses: 11018299  Total.Subsidy: 7232634  Revenue.Less.Expenses: 60173  Rank: 176,1,55,0.0454545454545455,0.117897276798565,0.237291849255039,0.241235758106924
0.234881682734443,0.117851825445159,School: Tennessee State  Group: 4  Total.Revenue: 11011386  Total.Expenses: 11011386  Total.Subsidy: 8432165  Revenue.Less.Expenses: 0  Rank: 177,1,54,0.0454545454545455,0.117851825445159,0.232909728308501,0.236853637160386
0.309377738825592,0.126046258037675,School: Wisconsin-Milwaukee  Group: 4  Total.Revenue: 10983909  Total.Expenses: 12257732  Total.Subsidy: 8930553  Revenue.Less.Expenses: -1273823  Rank: 178,1,71,0.0454545454545455,0.126046258037675,0.307405784399649,0.311349693251534
0.177914110429448,0.114691644717744,School: Florida Gulf Coast  Group: 4  Total.Revenue: 10960781  Total.Expenses: 10530733  Total.Subsidy: 8144894  Revenue.Less.Expenses: 430048  Rank: 179,1,41,0.0454545454545455,0.114691644717744,0.175942156003506,0.17988606485539
0.221735319894829,0.117197070855215,School: Cleveland State  Group: 4  Total.Revenue: 10911800  Total.Expenses: 10911800  Total.Subsidy: 9049438  Revenue.Less.Expenses: 0  Rank: 180,1,51,0.0454545454545455,0.117197070855215,0.219763365468887,0.223707274320771
0.1954425942156,0.115678503859003,School: Southeastern Louisiana  Group: 4  Total.Revenue: 10858098  Total.Expenses: 10680831  Total.Subsidy: 7108013  Revenue.Less.Expenses: 177267  Rank: 181,1,45,0.0454545454545455,0.115678503859003,0.193470639789658,0.197414548641543
0.248028045574058,0.118384144753297,School: VMI  Group: 4  Total.Revenue: 10856177  Total.Expenses: 11092350  Total.Subsidy: 4219009  Revenue.Less.Expenses: -236173  Rank: 182,1,57,0.0454545454545455,0.118384144753297,0.246056091148116,0.25
0.191060473269062,0.115537442266738,School: Texas Southern  Group: 4  Total.Revenue: 10659376  Total.Expenses: 10659376  Total.Subsidy: 8833289  Revenue.Less.Expenses: 0  Rank: 183,1,44,0.0454545454545455,0.115537442266738,0.18908851884312,0.193032427695004
0.199824715162138,0.115679739914903,School: Oakland  Group: 4  Total.Revenue: 10646898  Total.Expenses: 10681019  Total.Subsidy: 8188773  Revenue.Less.Expenses: -34121  Rank: 184,1,46,0.0454545454545455,0.115679739914903,0.197852760736196,0.201796669588081
0.230499561787905,0.11781500675876,School: Florida A&M  Group: 4  Total.Revenue: 10495584  Total.Expenses: 11005786  Total.Subsidy: 6205866  Revenue.Less.Expenses: -510202  Rank: 185,1,53,0.0454545454545455,0.11781500675876,0.228527607361963,0.232471516213848
0.169149868536372,0.11388991124665,School: California State-Fullerton  Group: 4  Total.Revenue: 10408792  Total.Expenses: 10408792  Total.Subsidy: 8202930  Revenue.Less.Expenses: 0  Rank: 186,1,39,0.0454545454545455,0.11388991124665,0.167177914110429,0.171121822962314
0.164767747589834,0.113676770500995,School: Morehead State  Group: 4  Total.Revenue: 10376374  Total.Expenses: 10376374  Total.Subsidy: 9003800  Revenue.Less.Expenses: 0  Rank: 187,1,38,0.0454545454545455,0.113676770500995,0.162795793163891,0.166739702015776
0.182296231375986,0.114706437939957,School: California State-Northridge  Group: 4  Total.Revenue: 10352586  Total.Expenses: 10532983  Total.Subsidy: 9094805  Revenue.Less.Expenses: -180397  Rank: 188,1,42,0.0454545454545455,0.114706437939957,0.180324276950044,0.184268185801928
0.147239263803681,0.112500387171499,School: Southern Utah  Group: 4  Total.Revenue: 10311932  Total.Expenses: 10197450  Total.Subsidy: 7973103  Revenue.Less.Expenses: 114482  Rank: 189,1,34,0.0454545454545455,0.112500387171499,0.145267309377739,0.149211218229623
0.160385626643295,0.11289045485483,School: South Carolina State  Group: 4  Total.Revenue: 10272271  Total.Expenses: 10256778  Total.Subsidy: 6947791  Revenue.Less.Expenses: 15493  Rank: 190,1,37,0.0454545454545455,0.11289045485483,0.158413672217353,0.162357581069238
0.156003505696757,0.112694763536622,School: Tennessee-Martin  Group: 4  Total.Revenue: 10227014  Total.Expenses: 10227014  Total.Subsidy: 8035186  Revenue.Less.Expenses: 0  Rank: 191,1,36,0.0454545454545455,0.112694763536622,0.154031551270815,0.157975460122699
0.142857142857143,0.112175370217316,School: South Dakota  Group: 4  Total.Revenue: 10119428  Total.Expenses: 10148016  Total.Subsidy: 6581241  Revenue.Less.Expenses: -28588  Rank: 192,1,33,0.0454545454545455,0.112175370217316,0.140885188431201,0.144829097283085
0.12532865907099,0.108719962797873,School: Austin Peay  Group: 4  Total.Revenue: 9974252  Total.Expenses: 9622460  Total.Subsidy: 6975726  Revenue.Less.Expenses: 351792  Rank: 193,1,29,0.0454545454545455,0.108719962797873,0.123356704645048,0.127300613496933
0.151621384750219,0.112692804256524,School: Wright State  Group: 4  Total.Revenue: 9942619  Total.Expenses: 10226716  Total.Subsidy: 7774722  Revenue.Less.Expenses: -284097  Rank: 194,1,35,0.0454545454545455,0.112692804256524,0.149649430324277,0.153593339176161
0.116564417177914,0.107587189887464,School: Southeast Missouri State  Group: 4  Total.Revenue: 9898447  Total.Expenses: 9450169  Total.Subsidy: 7223503  Revenue.Less.Expenses: 448278  Rank: 195,1,27,0.0454545454545455,0.107587189887464,0.114592462751972,0.118536371603856
0.129710780017529,0.10895937630618,School: Central Arkansas  Group: 4  Total.Revenue: 9838868  Total.Expenses: 9658874  Total.Subsidy: 7707199  Revenue.Less.Expenses: 179994  Rank: 196,1,30,0.0454545454545455,0.10895937630618,0.127738825591586,0.131682734443471
0.138475021910605,0.112122640598581,School: McNeese State  Group: 4  Total.Revenue: 9745534  Total.Expenses: 10139996  Total.Subsidy: 4545525  Revenue.Less.Expenses: -394462  Rank: 197,1,32,0.0454545454545455,0.112122640598581,0.136503067484663,0.140446976336547
0.212971078001753,0.11626561726222,School: Texas-Arlington  Group: 4  Total.Revenue: 9714229  Total.Expenses: 10770129  Total.Subsidy: 8596385  Revenue.Less.Expenses: -1055900  Rank: 198,1,49,0.0454545454545455,0.11626561726222,0.210999123575811,0.214943032427695
0.107800175284838,0.106970384843572,School: Arkansas-Little Rock  Group: 4  Total.Revenue: 9697449  Total.Expenses: 9356355  Total.Subsidy: 6437810  Revenue.Less.Expenses: 341094  Rank: 199,1,25,0.0454545454545455,0.106970384843572,0.105828220858896,0.10977212971078
0.0990359333917616,0.104598610537728,School: Texas A&M-Corpus Christi  Group: 4  Total.Revenue: 9550177  Total.Expenses: 8995616  Total.Subsidy: 8062749  Revenue.Less.Expenses: 554561  Rank: 200,1,23,0.0454545454545455,0.104598610537728,0.0970639789658195,0.101007887817704
0.134092900964067,0.110395147281353,School: Morgan State  Group: 4  Total.Revenue: 9435932  Total.Expenses: 9877250  Total.Subsidy: 8222689  Revenue.Less.Expenses: -441318  Rank: 201,1,31,0.0454545454545455,0.110395147281353,0.132120946538124,0.136064855390009
0.112182296231376,0.107228214269843,School: Prairie View A&M  Group: 4  Total.Revenue: 9410708  Total.Expenses: 9395570  Total.Subsidy: 7392141  Revenue.Less.Expenses: 15138  Rank: 202,1,26,0.0454545454545455,0.107228214269843,0.110210341805434,0.114154250657318
0.304995617879053,0.124976339884761,School: Missouri-Kansas City  Group: 4  Total.Revenue: 9331010  Total.Expenses: 12095001  Total.Subsidy: 7557656  Revenue.Less.Expenses: -2763991  Rank: 203,1,70,0.0454545454545455,0.124976339884761,0.303023663453111,0.306967572304996
0.120946538124452,0.108508505192168,School: Utah Valley  Group: 4  Total.Revenue: 9205759  Total.Expenses: 9590298  Total.Subsidy: 8410181  Revenue.Less.Expenses: -384539  Rank: 204,1,28,0.0454545454545455,0.108508505192168,0.11897458369851,0.122918492550394
0.1034180543383,0.104933976172695,School: North Florida  Group: 4  Total.Revenue: 8967015  Total.Expenses: 9046624  Total.Subsidy: 6806352  Revenue.Less.Expenses: -79609  Rank: 205,1,24,0.0454545454545455,0.104933976172695,0.101446099912358,0.105390008764242
0.186678352322524,0.115469413168851,School: California State-Bakersfield  Group: 4  Total.Revenue: 8695709  Total.Expenses: 10649029  Total.Subsidy: 6031699  Revenue.Less.Expenses: -1953320  Rank: 206,1,43,0.0454545454545455,0.115469413168851,0.184706397896582,0.188650306748466
0.0946538124452235,0.104018091624235,School: North Carolina Central  Group: 4  Total.Revenue: 8548572  Total.Expenses: 8907321  Total.Subsidy: 6265826  Revenue.Less.Expenses: -358749  Rank: 207,1,22,0.0454545454545455,0.104018091624235,0.0926818580192813,0.0966257668711657
0.0858895705521472,0.0976873814886204,School: Longwood  Group: 4  Total.Revenue: 8170450  Total.Expenses: 7944441  Total.Subsidy: 6976022  Revenue.Less.Expenses: 226009  Rank: 208,1,20,0.0454545454545455,0.0976873814886204,0.0839176161262051,0.0878615249780894
0.0815074496056091,0.0970530612696276,School: Wisconsin-Green Bay  Group: 4  Total.Revenue: 7902555  Total.Expenses: 7847963  Total.Subsidy: 4869919  Revenue.Less.Expenses: 54592  Rank: 209,1,19,0.0454545454545455,0.0970530612696276,0.079535495179667,0.0834794040315513
0.0902716914986854,0.10014611364202,School: Southern Illinois Edwardsville  Group: 4  Total.Revenue: 7834037  Total.Expenses: 8318406  Total.Subsidy: 6703452  Revenue.Less.Expenses: -484369  Rank: 210,1,21,0.0454545454545455,0.10014611364202,0.0882997370727432,0.0922436459246275
0.042068361086766,0.0885213826592311,School: Southern  Group: 4  Total.Revenue: 7634685  Total.Expenses: 6550323  Total.Subsidy: 4577853  Revenue.Less.Expenses: 1084362  Rank: 211,1,10,0.0454545454545455,0.0885213826592311,0.0400964066608238,0.0440403155127082
0.077125328659071,0.0936080156805,School: Nicholls State  Group: 4  Total.Revenue: 7367989  Total.Expenses: 7323983  Total.Subsidy: 4858717  Revenue.Less.Expenses: 44006  Rank: 212,1,18,0.0454545454545455,0.0936080156805,0.0751533742331288,0.0790972830850132
0.0683610867659947,0.0932763582132341,School: Texas- Pan American  Group: 4  Total.Revenue: 7351071  Total.Expenses: 7273539  Total.Subsidy: 5736757  Revenue.Less.Expenses: 77532  Rank: 213,1,16,0.0454545454545455,0.0932763582132341,0.0663891323400526,0.0703330411919369
0.0727432077125329,0.0935730839517793,School: Arkansas-Pine Bluff  Group: 4  Total.Revenue: 7318670  Total.Expenses: 7318670  Total.Subsidy: 5330370  Revenue.Less.Expenses: 0  Rank: 214,1,17,0.0454545454545455,0.0935730839517793,0.0707712532865907,0.074715162138475
0.0639789658194566,0.0920599345622802,School: Indiana-Purdue Fort Wayne  Group: 4  Total.Revenue: 7097559  Total.Expenses: 7088525  Total.Subsidy: 5280864  Revenue.Less.Expenses: 9034  Rank: 215,1,15,0.0454545454545455,0.0920599345622802,0.0620070113935145,0.0659509202453988
0.0595968448729185,0.0916064795654548,School: Indiana-Purdue Indianapolis  Group: 4  Total.Revenue: 7007213  Total.Expenses: 7019556  Total.Subsidy: 6150231  Revenue.Less.Expenses: -12343  Rank: 216,1,14,0.0454545454545455,0.0916064795654548,0.0576248904469763,0.0615687992988606
0.0376862401402279,0.0852312253940637,School: Savannah State  Group: 4  Total.Revenue: 6942324  Total.Expenses: 6049901  Total.Subsidy: 5529724  Revenue.Less.Expenses: 892423  Rank: 217,1,9,0.0454545454545455,0.0852312253940637,0.0357142857142857,0.03965819456617
0.0552147239263804,0.0915438089013921,School: South Carolina Upstate  Group: 4  Total.Revenue: 6845156  Total.Expenses: 7010024  Total.Subsidy: 6061535  Revenue.Less.Expenses: -164868  Rank: 218,1,13,0.0454545454545455,0.0915438089013921,0.0532427695004382,0.0571866783523225
0.0245398773006135,0.0824743276284905,School: Chicago State  Group: 4  Total.Revenue: 6087053  Total.Expenses: 5630586  Total.Subsidy: 5358486  Revenue.Less.Expenses: 456467  Rank: 219,1,6,0.0454545454545455,0.0824743276284905,0.0225679228746713,0.0265118317265557
0.0201577563540754,0.0821215585894343,School: Alcorn State  Group: 4  Total.Revenue: 5995743  Total.Expenses: 5576931  Total.Subsidy: 4160650  Revenue.Less.Expenses: 418812  Rank: 220,1,5,0.0454545454545455,0.0821215585894343,0.0181858019281332,0.0221297107800175
0.0333041191936897,0.0841275918440324,School: Jackson State  Group: 4  Total.Revenue: 5882042  Total.Expenses: 5882042  Total.Subsidy: 3806649  Revenue.Less.Expenses: 0  Rank: 221,1,8,0.0454545454545455,0.0841275918440324,0.0313321647677476,0.0352760736196319
0.0289219982471516,0.0829704397034147,School: Maryland-Eastern Shore  Group: 4  Total.Revenue: 5706043  Total.Expenses: 5706043  Total.Subsidy: 4935197  Revenue.Less.Expenses: 0  Rank: 222,1,7,0.0454545454545455,0.0829704397034147,0.0269500438212095,0.0308939526730938
0.0464504820333041,0.0888768868007054,School: Alabama A&M  Group: 4  Total.Revenue: 5516444  Total.Expenses: 6604394  Total.Subsidy: 3742114  Revenue.Less.Expenses: -1087950  Rank: 223,1,11,0.0454545454545455,0.0888768868007054,0.044478527607362,0.0484224364592463
0.0157756354075373,0.0818509412444049,School: North Carolina Asheville  Group: 4  Total.Revenue: 5444325  Total.Expenses: 5535771  Total.Subsidy: 4011857  Revenue.Less.Expenses: -91446  Rank: 224,1,4,0.0454545454545455,0.0818509412444049,0.0138036809815951,0.0177475898334794
0.0508326029798422,0.0911835709288094,School: Grambling State  Group: 4  Total.Revenue: 5068048  Total.Expenses: 6955233  Total.Subsidy: 1969671  Revenue.Less.Expenses: -1887185  Rank: 225,1,12,0.0454545454545455,0.0911835709288094,0.0488606485539001,0.0528045574057844
0.0113935144609991,0.0759829236510427,School: Mississippi Valley State  Group: 4  Total.Revenue: 4643265  Total.Expenses: 4643265  Total.Subsidy: 2704384  Revenue.Less.Expenses: 0  Rank: 226,1,3,0.0454545454545455,0.0759829236510427,0.00942156003505697,0.0133654688869413
0.007011393514461,0.06849021577269,School: Coppin State  Group: 4  Total.Revenue: 3332260  Total.Expenses: 3503649  Total.Subsidy: 2649601  Revenue.Less.Expenses: -171389  Rank: 227,1,2,0.0454545454545455,0.06849021577269,0.00503943908851884,0.00898334794040316
0.00262927256792287,0.0648843711454821,School: New Orleans  Group: 4  Total.Revenue: 3100602  Total.Expenses: 2955212  Total.Subsidy: 2188635  Revenue.Less.Expenses: 145390  Rank: 228,1,1,0.0454545454545455,0.0648843711454821,0.000657318141980719,0.00460122699386503
